Ayden Mullins,Ayden,,Mullins,ayden.mullins@quicker.eu,68102636473@gmail.com,47,340-938-494,04-0008499,amullins
Thomas Hicks,Thomas,,Hicks,thomas.hicks@buapelinc.com,69022737170@gmail.com,47,713-242-667,04-0008499,thicks
Alexander Wade,Alexander,Ryder,Wade,alexander.wade@adaptllc.biz,53031144292@gmail.com,63,181-232-4524,04-0008499,alexanderw
Victoria Rojas,Victoria,,Rojas,victoria.rojas@vitae.eu,44041793365@gmail.com,72,086-112-224,04-0008499,victoriar
Violet Spencer,Violet,Madeline,Spencer,violet.spencer@erntogra.eu,14240646380@gmail.com,2,307-243-1224,04-0008499,vspencer
Easton Deleon,Easton,,Deleon,easton.deleon@robutenia.com,26022615857@gmail.com,90,226-748-6305,04-0008499,eastond
Emily Barrera,Emily,,Barrera,emily.barrera@woods.biz,45111110424@gmail.com,70,577-521-8682,04-0008499,ebarrera
Serenity Molina,Serenity,,Molina,serenity.molina@yrsaindustries.eu,50083033569@gmail.com,65,667-813-381,61-0008529,smolina
Logan Brown,Logan,Jackson,Brown,logan.brown@felicsltd.biz,96121733459@gmail.com,19,146-651-715,61-0008529,lbrown
Melanie Peck,Melanie,,Peck,melanie.peck@supermemo.eu,11220956244@gmail.com,5,463-194-572,61-0008529,melaniep
Chase Brooks,Chase,,Brooks,chase.brooks@quickerllc.biz,54073144574@gmail.com,61,867-882-762,61-0008529,chaseb
Aaron Hickman,Aaron,,Hickman,aaron.hickman@hostes.biz,68092668715@gmail.com,47,627-122-783,61-0008529,ahickman
Ella Cantu,Ella,Melanie,Cantu,ella.cantu@quicklinkinc.eu,59090112429@gmail.com,56,768-945-734,61-0008529,ecantu
Adam Wood,Adam,,Wood,adam.wood@terson.eu,87091207017@gmail.com,28,310-532-7466,61-0008529,awood
Joshua Fulton,Joshua,Daniel,Fulton,joshua.fulton@datastorellc.biz,21042708431@gmail.com,95,357-601-728,61-0008529,jfulton
Jordan Guzman,Jordan,Isaiah,Guzman,jordan.guzman@datastoreltd.eu,50021205418@gmail.com,66,994-327-004,61-0008529,jguzman
Arianna Keller,Arianna,,Keller,arianna.keller@terson.biz,34081262945@gmail.com,81,683-199-345,61-0008529,ariannak
Benjamin Mejia,Benjamin,,Mejia,benjamin.mejia@buapel.com,48091619936@gmail.com,67,097-934-4846,61-0008529,benjaminm
Ryder Whitfield,Ryder,Nicholas,Whitfield,ryder.whitfield@datastoreinc.biz,42011238834@gmail.com,74,782-295-0456,61-0008529,rwhitfield
Elizabeth Short,Elizabeth,,Short,elizabeth.short@morsemlimited.biz,12310788004@gmail.com,3,346-844-454,61-0008529,elizabeths
Sophie Gates,Sophie,Maya,Gates,sophie.gates@beans.biz,46051748940@gmail.com,69,600-795-3737,61-0008529,sgates
Skylar Thomas,Skylar,,Thomas,skylar.thomas@quisuc.eu,38022785421@gmail.com,78,806-618-452,61-0008529,skylart
Jasmine Bird,Jasmine,,Bird,jasmine.bird@linger.biz,59032338908@gmail.com,57,037-869-4931,61-0008529,jbird
Juan Pena,Juan,Parker,Pena,juan.pena@memortech.biz,55090200416@gmail.com,60,363-180-165,61-0008529,juanp
Levi Rodgers,Levi,Michael,Rodgers,levi.rodgers@datastore.eu,92022795297@gmail.com,24,336-382-474,61-0008529,levir
Luis Bolton,Luis,Ryan,Bolton,luis.bolton@hostes.biz,21061351717@gmail.com,94,948-586-2413,61-0008529,lbolton
Madison Nielsen,Madison,,Nielsen,madison.nielsen@gualas.biz,95101738844@gmail.com,20,401-348-202,61-0008529,madisonn
Layla Kennedy,Layla,,Kennedy,layla.kennedy@felics.eu,79053054649@gmail.com,36,569-214-9199,20-0005530,laylak
Serenity Figueroa,Serenity,Layla,Figueroa,serenity.figueroa@erntogra.eu,13310755009@gmail.com,2,887-275-7101,20-0005530,sfigueroa
Brandon Bartlett,Brandon,Grayson,Bartlett,brandon.bartlett@interdem.biz,52070716639@gmail.com,63,022-377-862,20-0005530,brandonb
Jace Graves,Jace,,Graves,jace.graves@hostes.com,08271291475@gmail.com,7,185-521-023,20-0005530,jaceg
Ian Shields,Ian,,Shields,ian.shields@yrsallc.biz,25071879852@gmail.com,90,517-019-0096,20-0005530,ishields
Arianna Solomon,Arianna,,Solomon,arianna.solomon@interdemcompany.eu,15080443869@gmail.com,100,511-679-880,20-0005530,ariannas
Carlos Carson,Carlos,,Carson,carlos.carson@quickerassociates.eu,40112099950@gmail.com,75,860-346-691,20-0005530,carlosc
Emma Elliott,Emma,,Elliott,emma.elliott@datastore.eu,63051756887@gmail.com,52,970-771-024,20-0005530,eelliott
Kayden Vang,Kayden,,Vang,kayden.vang@morsem.com,01261142238@gmail.com,14,817-405-1092,20-0005530,kvang
Hailey Newton,Hailey,,Newton,hailey.newton@buapel.eu,28041452606@gmail.com,88,760-909-1463,20-0005530,hnewton
Eli Hendrix,Eli,Jacob,Hendrix,eli.hendrix@gualasinc.biz,45082643899@gmail.com,70,033-280-319,20-0005530,ehendrix
Genesis Howe,Genesis,,Howe,genesis.howe@woodsassociates.com,32022363348@gmail.com,84,356-831-740,20-0005530,genesish
Abigail Beach,Abigail,,Beach,abigail.beach@quickercompany.biz,86100124585@gmail.com,29,936-391-356,20-0005530,abigailb
Camila Hahn,Camila,Madelyn,Hahn,camila.hahn@adapt.biz,56050749569@gmail.com,59,532-798-1754,20-0005530,camilah
Carter Gomez,Carter,Andrew,Gomez,carter.gomez@furba.eu,00212031296@gmail.com,16,261-762-616,20-0005530,carterg
Nathan Burke,Nathan,Kevin,Burke,nathan.burke@supermemoassociates.com,55101802475@gmail.com,60,525-900-218,20-0005530,nburke
Matthew Coffey,Matthew,Evan,Coffey,matthew.coffey@datastoreassociates.eu,90081246758@gmail.com,25,401-300-3148,20-0005530,mcoffey
Leah Perez,Leah,,Perez,leah.perez@felics.com,80042592466@gmail.com,36,258-828-0349,20-0005530,leahp
Lucy Erickson,Lucy,Emily,Erickson,lucy.erickson@supermemoconsulting.biz,28052170289@gmail.com,87,151-465-0478,20-0005530,lerickson
Gavin Malone,Gavin,,Malone,gavin.malone@flyhigh.com,24071301158@gmail.com,91,623-205-8441,26-0006162,gmalone
Levi Hodges,Levi,Ryder,Hodges,levi.hodges@beans.biz,95031890773@gmail.com,21,027-033-3297,26-0006162,lhodges
Luis Ray,Luis,,Ray,luis.ray@quicklinkltd.com,15112520694@gmail.com,100,026-474-222,26-0006162,luisr
Anthony Burgess,Anthony,Cameron,Burgess,anthony.burgess@memortech.eu,21110290376@gmail.com,94,884-721-3081,26-0006162,aburgess
Matthew Collier,Matthew,Chase,Collier,matthew.collier@interdeminc.com,20112187299@gmail.com,95,926-532-430,26-0006162,mcollier
Blake Morton,Blake,Christian,Morton,blake.morton@hostesinc.com,77050416356@gmail.com,38,336-000-9508,26-0006162,bmorton
Mia Boyle,Mia,Lily,Boyle,mia.boyle@interdemassociates.com,20100691643@gmail.com,95,099-390-6788,26-0006162,mboyle
Jonathan Crane,Jonathan,,Crane,jonathan.crane@gualas.com,54081310714@gmail.com,61,424-852-877,26-0006162,jcrane
Bryson Simmons,Bryson,,Simmons,bryson.simmons@terson.com,22091390756@gmail.com,93,634-451-0744,26-0006162,bsimmons
Alexa Olson,Alexa,,Olson,alexa.olson@hostes.eu,04271272861@gmail.com,11,880-739-1353,26-0006162,alexao
Gianna Sparks,Gianna,,Sparks,gianna.sparks@adaptlimited.biz,53091495141@gmail.com,62,954-650-8822,26-0006162,giannas
Henry Wallace,Henry,Charles,Wallace,henry.wallace@quickerindustries.com,41121371574@gmail.com,74,003-833-3950,26-0006162,hwallace
Liam Keith,Liam,Jonathan,Keith,liam.keith@alistassociates.eu,26120918658@gmail.com,89,996-680-3015,74-0002552,liamk
Arianna Whitney,Arianna,,Whitney,arianna.whitney@quicklink.biz,15072895144@gmail.com,100,311-850-614,74-0002552,awhitney
Kylie Nguyen,Kylie,Makayla,Nguyen,kylie.nguyen@kleininc.com,62012600887@gmail.com,54,897-301-302,20-0005530,knguyen
Nathaniel Meyer,Nathaniel,,Meyer,nathaniel.meyer@linger.eu,13301096599@gmail.com,2,481-614-455,26-0006162,nathanielm
Eva Shaffer,Eva,Katherine,Shaffer,eva.shaffer@portaltd.com,91070167502@gmail.com,24,714-393-1145,26-0006162,evas
Tristan Peters,Tristan,Juan,Peters,tristan.peters@vitaeinc.biz,37071745510@gmail.com,78,491-989-4885,26-0006162,tpeters
Hannah Witt,Hannah,Aria,Witt,hannah.witt@hostes.biz,88051822402@gmail.com,27,452-507-0729,26-0006162,hannahw
Brooklyn Hayes,Brooklyn,,Hayes,brooklyn.hayes@lingerlimited.biz,04252731143@gmail.com,11,607-872-3471,26-0006162,bhayes
Khloe Mcclain,Khloe,,Mcclain,khloe.mcclain@memortech.biz,87091786862@gmail.com,28,617-668-852,26-0006162,khloem
Lillian Mills,Lillian,,Mills,lillian.mills@alist.eu,68010121661@gmail.com,48,041-495-2334,26-0006162,lillianm
Abigail Irwin,Abigail,,Irwin,abigail.irwin@woods.com,04232463080@gmail.com,12,160-644-157,26-0006162,abigaili
Melanie Hardy,Melanie,Hailey,Hardy,melanie.hardy@tersonllc.eu,18081336749@gmail.com,97,038-179-644,74-0002552,melanieh
Aubrey Britt,Aubrey,Reagan,Britt,aubrey.britt@woods.com,35091653963@gmail.com,80,786-855-227,74-0002552,abritt
Olivia Hernandez,Olivia,,Hernandez,olivia.hernandez@furballc.com,02252215364@gmail.com,13,554-717-2313,74-0002552,oliviah
Carson Carey,Carson,Gabriel,Carey,carson.carey@gualasassociates.eu,13271709710@gmail.com,2,968-741-575,74-0002552,carsonc
Tyler Downs,Tyler,Adrian,Downs,tyler.downs@adapt.eu,26061823833@gmail.com,89,114-287-6599,74-0002552,tylerd
Claire Noel,Claire,,Noel,claire.noel@nonos.biz,09301504444@gmail.com,6,019-914-1398,74-0002552,clairen
Jeremiah Conrad,Jeremiah,Luke,Conrad,jeremiah.conrad@interdem.com,73120959730@gmail.com,42,567-290-7726,74-0002552,jconrad
Cooper Rivas,Cooper,,Rivas,cooper.rivas@buapelllc.com,17010766279@gmail.com,99,141-115-681,74-0002552,cooperr
Jack Baker,Jack,,Baker,jack.baker@adaptcompany.eu,38062984817@gmail.com,77,064-035-561,74-0002552,jbaker
Kylie Nieves,Kylie,Chloe,Nieves,kylie.nieves@alist.eu,37062359388@gmail.com,78,385-142-6118,74-0002552,knieves
Evan Weaver,Evan,Ian,Weaver,evan.weaver@adapt.com,58062632114@gmail.com,57,272-491-709,74-0002552,evanw
Henry Whitley,Henry,,Whitley,henry.whitley@alist.eu,58072051736@gmail.com,57,937-756-628,74-0002552,henryw
Skylar Beach,Skylar,,Beach,skylar.beach@nonoslimited.eu,28041179288@gmail.com,88,744-689-987,74-0002552,sbeach
Camila Roberson,Camila,Trinity,Roberson,camila.roberson@nonoscompany.biz,12252159942@gmail.com,3,362-208-0923,74-0002552,croberson
Reagan Payne,Reagan,,Payne,reagan.payne@alist.eu,18061786900@gmail.com,97,917-296-074,74-0002552,reaganp
Nathan Roberts,Nathan,,Roberts,nathan.roberts@vitae.eu,78101585715@gmail.com,37,093-731-064,74-0002552,nathanr
Austin Rowe,Austin,,Rowe,austin.rowe@beans.com,46030917554@gmail.com,70,263-098-6192,74-0002552,austinr
Caleb Bond,Caleb,Jayden,Bond,caleb.bond@yrsa.biz,10320632751@gmail.com,5,436-518-473,74-0002552,calebb
John Harrison,John,,Harrison,john.harrison@quicker.com,03321762833@gmail.com,12,624-886-565,45-0007876,jharrison
Makayla Rhodes,Makayla,Addison,Rhodes,makayla.rhodes@furbacompany.biz,56081722148@gmail.com,59,986-305-034,45-0007876,makaylar
Annabelle Stephens,Annabelle,Katherine,Stephens,annabelle.stephens@interdemconsulting.biz,34090982805@gmail.com,81,171-717-881,45-0007876,astephens
Gabriella Perry,Gabriella,,Perry,gabriella.perry@hosteslimited.com,25022500565@gmail.com,91,122-755-6117,45-0007876,gperry
Lillian Torres,Lillian,Sophie,Torres,lillian.torres@gualascompany.eu,73082753809@gmail.com,42,032-583-083,45-0007876,lilliant
Aubree Serrano,Aubree,Mackenzie,Serrano,aubree.serrano@quicklinkcompany.com,92020677588@gmail.com,24,424-300-8311,45-0007876,aubrees
Oliver Cobb,Oliver,Dylan,Cobb,oliver.cobb@adapt.eu,69032353335@gmail.com,47,249-613-1753,45-0007876,ocobb
Christopher Estrada,Christopher,,Estrada,christopher.estrada@alistconsulting.eu,70070122432@gmail.com,45,302-864-4199,45-0007876,christophere
Parker Bates,Parker,,Bates,parker.bates@interdeminc.eu,65032969475@gmail.com,51,655-181-490,45-0007876,pbates
Blake House,Blake,Jace,House,blake.house@quisuccompany.biz,16083047395@gmail.com,99,485-194-8959,45-0007876,bhouse
Autumn Marquez,Autumn,Abigail,Marquez,autumn.marquez@memortechllc.biz,92052970002@gmail.com,23,090-407-7193,45-0007876,autumnm
Natalie Sampson,Natalie,Madison,Sampson,natalie.sampson@tersoncompany.eu,18020298426@gmail.com,98,873-179-660,45-0007876,natalies
Wyatt Hansen,Wyatt,Zachary,Hansen,wyatt.hansen@quickerinc.eu,30080855834@gmail.com,85,682-521-0239,45-0007876,whansen
Logan Pollard,Logan,Juan,Pollard,logan.pollard@tersonlimited.com,32032276171@gmail.com,84,449-198-4257,45-0007876,loganp
Genesis Whitehead,Genesis,,Whitehead,genesis.whitehead@flyhigh.com,41062094909@gmail.com,74,574-527-749,45-0007876,gwhitehead
Autumn Benton,Autumn,,Benton,autumn.benton@yrsa.com,14290676988@gmail.com,1,501-534-532,45-0007876,abenton
London Solomon,London,Amelia,Solomon,london.solomon@warstconsulting.biz,44032161100@gmail.com,72,559-409-631,45-0007876,lsolomon
Serenity Wolf,Serenity,Genesis,Wolf,serenity.wolf@furba.eu,27121000148@gmail.com,88,585-196-028,45-0007876,serenityw
Annabelle Bright,Annabelle,,Bright,annabelle.bright@morsemconsulting.com,17082977104@gmail.com,98,539-889-497,45-0007876,annabelleb
Landon Pitts,Landon,Chase,Pitts,landon.pitts@quicklinkinc.com,09282851618@gmail.com,6,439-209-257,45-0007876,landonp
Samuel Klein,Samuel,,Klein,samuel.klein@gualasllc.com,02291713799@gmail.com,13,089-691-2391,26-0008646,sklein
Christian Giles,Christian,,Giles,christian.giles@furbaconsulting.eu,02301943970@gmail.com,13,721-584-441,26-0008646,christiang
Morgan Gates,Morgan,Amelia,Gates,morgan.gates@datastore.eu,29111190763@gmail.com,86,495-151-1590,26-0008646,morgang
Serenity Malone,Serenity,Emily,Malone,serenity.malone@furba.com,88050111769@gmail.com,28,566-915-075,26-0008646,serenitym
Jack Mcpherson,Jack,Landon,Mcpherson,jack.mcpherson@datastoreinc.eu,78060570919@gmail.com,37,542-495-0727,26-0008646,jmcpherson
Lily Patterson,Lily,,Patterson,lily.patterson@morsemassociates.com,10301099621@gmail.com,5,437-186-8375,26-0008646,lilyp
Jordan Conway,Jordan,,Conway,jordan.conway@robutenia.biz,02261803134@gmail.com,13,893-797-901,26-0008646,jconway
Damian Koch,Damian,,Koch,damian.koch@quicklink.eu,35011085919@gmail.com,81,974-939-2540,26-0008646,dkoch
Carson Hurley,Carson,,Hurley,carson.hurley@klein.biz,85060971510@gmail.com,30,915-583-4265,26-0008646,carsonh
Ethan Pena,Ethan,,Pena,ethan.pena@hosteslimited.eu,04322089833@gmail.com,11,921-849-7084,26-0008646,epena
Bentley Davis,Bentley,Charles,Davis,bentley.davis@interdem.biz,26112420570@gmail.com,89,601-869-700,26-0008646,bentleyd
Nathaniel Fuller,Nathaniel,,Fuller,nathaniel.fuller@robuteniainc.eu,39112815112@gmail.com,76,587-340-109,26-0008646,nfuller
Noah Leon,Noah,Adam,Leon,noah.leon@nonos.eu,08260594172@gmail.com,7,349-209-199,26-0008646,nleon
Mia Wade,Mia,Grace,Wade,mia.wade@beanslimited.com,00212132461@gmail.com,16,237-705-205,26-0008646,miaw
Aubree Dixon,Aubree,Kimberly,Dixon,aubree.dixon@erntograllc.com,05291874604@gmail.com,10,077-494-7639,26-0008646,adixon
Serenity Sosa,Serenity,Abigail,Sosa,serenity.sosa@nonosinc.com,12210502328@gmail.com,4,888-981-1167,26-0008646,serenitys
Bailey Rivas,Bailey,Addison,Rivas,bailey.rivas@woods.com,97120484964@gmail.com,18,871-199-245,26-0008646,brivas
Austin Dillard,Austin,Ryan,Dillard,austin.dillard@alistindustries.eu,92102124874@gmail.com,23,820-482-144,26-0008646,austind
Bailey Alvarado,Bailey,Jocelyn,Alvarado,bailey.alvarado@felicscompany.biz,61070258883@gmail.com,54,366-754-7605,26-0008646,baileya
Cameron Nixon,Cameron,,Nixon,cameron.nixon@gualasinc.com,79040366838@gmail.com,37,002-909-9961,26-0008646,cameronn
Anthony Webster,Anthony,Josiah,Webster,anthony.webster@quickerllc.com,90082008579@gmail.com,25,288-192-6461,27-0005609,anthonyw
Alexander Huber,Alexander,,Huber,alexander.huber@yrsainc.eu,32101978210@gmail.com,83,976-750-3844,27-0005609,ahuber
Tyler Morris,Tyler,Bryson,Morris,tyler.morris@erntogra.com,73042332633@gmail.com,43,540-100-9378,27-0005609,tylerm
Olivia Murphy,Olivia,,Murphy,olivia.murphy@datastoreltd.com,53041204748@gmail.com,63,648-677-6952,27-0005609,oliviam
Camila Howell,Camila,,Howell,camila.howell@woodslimited.eu,90031626786@gmail.com,26,392-707-5140,27-0005609,chowell
Morgan Knapp,Morgan,,Knapp,morgan.knapp@yrsaltd.biz,66113019122@gmail.com,49,654-288-261,27-0005609,mknapp
Juan Oneill,Juan,,Oneill,juan.oneill@erntograconsulting.biz,41032298393@gmail.com,75,510-811-8654,27-0005609,juano
Elizabeth Schwartz,Elizabeth,Madeline,Schwartz,elizabeth.schwartz@terson.eu,57062120469@gmail.com,58,287-903-833,27-0005609,elizabeths
Alex Mcknight,Alex,,Mcknight,alex.mcknight@adaptinc.eu,95070894055@gmail.com,20,621-051-8142,27-0005609,alexm
Sebastian Barnes,Sebastian,,Barnes,sebastian.barnes@quickerindustries.com,78012271592@gmail.com,38,727-665-5098,27-0005609,sbarnes
Sarah Jennings,Sarah,,Jennings,sarah.jennings@quisuc.biz,52040911260@gmail.com,64,872-491-7572,27-0005609,sarahj
Samuel Rodgers,Samuel,Zachary,Rodgers,samuel.rodgers@tersonindustries.com,45010257893@gmail.com,71,904-831-2802,27-0005609,srodgers
Hunter Hughes,Hunter,,Hughes,hunter.hughes@memortech.eu,61101842256@gmail.com,54,035-776-2962,27-0005609,hhughes
Jasmine Morin,Jasmine,,Morin,jasmine.morin@buapel.com,91082709286@gmail.com,24,612-814-684,27-0005609,jmorin
Lydia Cooke,Lydia,,Cooke,lydia.cooke@quicklink.com,51071652823@gmail.com,64,088-774-228,27-0005609,lcooke
Aubrey Gentry,Aubrey,Isabella,Gentry,aubrey.gentry@alistlimited.biz,00251573207@gmail.com,15,632-497-0383,27-0005609,agentry
Jackson Hogan,Jackson,Grayson,Hogan,jackson.hogan@robutenia.com,66012786998@gmail.com,50,663-726-6771,27-0005609,jacksonh
Nevaeh Blair,Nevaeh,Autumn,Blair,nevaeh.blair@warst.com,70101711602@gmail.com,45,086-865-6812,27-0005609,nblair
Lillian Allison,Lillian,Leah,Allison,lillian.allison@supermemoltd.eu,92100494205@gmail.com,23,935-627-1861,27-0005609,lilliana
Oliver Grimes,Oliver,Jacob,Grimes,oliver.grimes@memortechllc.com,46021391633@gmail.com,70,552-998-7865,27-0005609,oliverg
Evelyn Whitney,Evelyn,,Whitney,evelyn.whitney@robutenialtd.com,42042145907@gmail.com,74,281-366-062,84-0000304,ewhitney
Nathan Mcleod,Nathan,John,Mcleod,nathan.mcleod@interdemassociates.biz,65041248693@gmail.com,51,218-507-1590,84-0000304,nathanm
Kayden Hines,Kayden,,Hines,kayden.hines@alist.biz,30070836791@gmail.com,85,476-640-4009,84-0000304,khines
Blake Haley,Blake,Angel,Haley,blake.haley@memortechllc.com,07251716472@gmail.com,8,772-817-386,84-0000304,bhaley
Liam Mckinney,Liam,Samuel,Mckinney,liam.mckinney@portalimited.biz,04290680917@gmail.com,11,492-881-0282,84-0000304,liamm
Landon Barber,Landon,Chase,Barber,landon.barber@beansassociates.com,78093089398@gmail.com,37,913-759-6467,84-0000304,lbarber
Landon Key,Landon,,Key,landon.key@beans.biz,28101712352@gmail.com,87,308-752-121,84-0000304,landonk
Evan Wooten,Evan,Easton,Wooten,evan.wooten@yrsa.com,70091646391@gmail.com,45,444-709-9214,84-0000304,ewooten
Dominic Sweeney,Dominic,,Sweeney,dominic.sweeney@nonos.com,29032865414@gmail.com,87,205-919-889,84-0000304,dsweeney
Samuel Hancock,Samuel,David,Hancock,samuel.hancock@nonosltd.biz,32031786491@gmail.com,84,264-131-8085,84-0000304,samuelh
Isaac Sparks,Isaac,,Sparks,isaac.sparks@warstconsulting.com,79041630390@gmail.com,37,746-586-564,84-0000304,isparks
Serenity Jones,Serenity,Amelia,Jones,serenity.jones@interdem.com,12242209929@gmail.com,4,057-766-0331,84-0000304,sjones
David Marshall,David,,Marshall,david.marshall@hostesllc.com,99022037239@gmail.com,17,494-436-9588,84-0000304,dmarshall
Jacob King,Jacob,Jace,King,jacob.king@supermemo.com,82071729518@gmail.com,33,468-225-398,84-0000304,jacobk
Joseph Zimmerman,Joseph,Evan,Zimmerman,joseph.zimmerman@quicker.com,12252820233@gmail.com,3,529-165-846,84-0000304,jzimmerman
Dominic Jones,Dominic,,Jones,dominic.jones@flyhigh.com,58022360499@gmail.com,58,857-653-530,84-0000304,dominicj
Alexandra Kline,Alexandra,,Kline,alexandra.kline@warst.com,41032328085@gmail.com,75,376-020-861,84-0000304,akline
Sebastian Page,Sebastian,Adrian,Page,sebastian.page@memortech.eu,14300449753@gmail.com,1,240-201-042,84-0000304,spage
Brandon Ballard,Brandon,,Ballard,brandon.ballard@woodsltd.eu,38042430330@gmail.com,78,031-402-367,84-0000304,brandonb
Ayden Buck,Ayden,,Buck,ayden.buck@memortech.biz,02231490113@gmail.com,14,978-603-9958,84-0000304,abuck
Ariana Jacobson,Ariana,Gabriella,Jacobson,ariana.jacobson@furbaassociates.eu,23122568683@gmail.com,92,863-331-728,76-0005282,arianaj
John Benjamin,John,,Benjamin,john.benjamin@felics.eu,55072652813@gmail.com,60,216-148-198,76-0005282,johnb
Andrew Wade,Andrew,Gavin,Wade,andrew.wade@felics.biz,85082796739@gmail.com,30,584-634-646,76-0005282,awade
Benjamin Oneil,Benjamin,Lucas,Oneil,benjamin.oneil@adapt.com,94051146978@gmail.com,21,698-947-402,76-0005282,boneil
Brooklyn Moore,Brooklyn,,Moore,brooklyn.moore@vitaellc.com,20071140447@gmail.com,95,050-340-3395,76-0005282,brooklynm
Lucas Bolton,Lucas,Daniel,Bolton,lucas.bolton@adaptcompany.eu,12230666251@gmail.com,4,413-431-2399,76-0005282,lbolton
Jonathan Burns,Jonathan,,Burns,jonathan.burns@erntograltd.biz,11261886119@gmail.com,4,086-100-1510,76-0005282,jburns
Scarlett Christensen,Scarlett,,Christensen,scarlett.christensen@alist.eu,06242688141@gmail.com,10,183-674-9583,76-0005282,schristensen
Julian Moon,Julian,Parker,Moon,julian.moon@morsemllc.eu,93011418230@gmail.com,23,202-993-3472,76-0005282,julianm
Bryson Middleton,Bryson,Ryan,Middleton,bryson.middleton@morsem.biz,32070393733@gmail.com,83,850-118-9683,76-0005282,brysonm
Henry Bowman,Henry,Austin,Bowman,henry.bowman@datastore.biz,11220364953@gmail.com,5,055-380-1427,76-0005282,henryb
Benjamin Beard,Benjamin,,Beard,benjamin.beard@vitae.eu,16072868473@gmail.com,99,555-880-3886,76-0005282,bbeard
Aria Santiago,Aria,Riley,Santiago,aria.santiago@vitae.eu,13210418389@gmail.com,3,083-518-004,76-0005282,asantiago
Aubree Barnett,Aubree,,Barnett,aubree.barnett@quisucassociates.eu,24100233425@gmail.com,91,610-827-433,76-0005282,abarnett
Jose Marsh,Jose,Jackson,Marsh,jose.marsh@porta.com,24070945430@gmail.com,91,251-946-6753,76-0005282,jmarsh
Victoria Atkins,Victoria,,Atkins,victoria.atkins@morsemcompany.eu,17061270206@gmail.com,98,709-802-137,76-0005282,victoriaa
Khloe Herrera,Khloe,Mia,Herrera,khloe.herrera@interdem.eu,06320873508@gmail.com,9,583-260-5735,76-0005282,khloeh
Olivia Vega,Olivia,Faith,Vega,olivia.vega@warstltd.eu,93102479346@gmail.com,22,195-694-659,76-0005282,oliviav
Jordan Barrett,Jordan,,Barrett,jordan.barrett@beans.com,57041680515@gmail.com,59,814-776-890,76-0005282,jordanb
Daniel Beach,Daniel,,Beach,daniel.beach@quicklink.biz,42060459299@gmail.com,73,858-379-9667,76-0005282,dbeach
Wyatt Wiley,Wyatt,,Wiley,wyatt.wiley@gualasltd.com,50090362654@gmail.com,65,995-101-885,54-0004223,wyattw
Andrew Estrada,Andrew,Adrian,Estrada,andrew.estrada@flyhighassociates.eu,76031989713@gmail.com,40,834-571-3853,54-0004223,aestrada
Jace Newton,Jace,William,Newton,jace.newton@flyhigh.eu,83041353593@gmail.com,33,720-070-7688,54-0004223,jacen
Brianna Wright,Brianna,Olivia,Wright,brianna.wright@gualasconsulting.biz,36122599522@gmail.com,79,667-345-563,54-0004223,briannaw
Jordan Spence,Jordan,,Spence,jordan.spence@beans.com,07242332559@gmail.com,9,805-556-182,54-0004223,jordans
Hailey Aguirre,Hailey,Grace,Aguirre,hailey.aguirre@hostesltd.biz,77051693725@gmail.com,38,389-248-8566,54-0004223,haguirre
Bryson Nguyen,Bryson,,Nguyen,bryson.nguyen@datastore.eu,98021160492@gmail.com,18,084-940-7302,54-0004223,brysonn
Kennedy Russo,Kennedy,Victoria,Russo,kennedy.russo@supermemoconsulting.com,19072834488@gmail.com,96,250-944-8543,54-0004223,kennedyr
Alexa Joseph,Alexa,Madeline,Joseph,alexa.joseph@quisuc.biz,91050559187@gmail.com,24,366-449-264,54-0004223,alexaj
Matthew Rodriguez,Matthew,Jason,Rodriguez,matthew.rodriguez@flyhigh.com,83051921939@gmail.com,32,684-870-8899,54-0004223,mrodriguez
Hunter Bernard,Hunter,,Bernard,hunter.bernard@lingerlimited.eu,93041125638@gmail.com,23,798-787-334,54-0004223,hbernard
Zoey Holcomb,Zoey,,Holcomb,zoey.holcomb@furbaconsulting.com,86120732405@gmail.com,29,419-669-1293,54-0004223,zoeyh
Nevaeh Strong,Nevaeh,,Strong,nevaeh.strong@linger.biz,75120428005@gmail.com,40,701-360-7587,54-0004223,nevaehs
Annabelle Pollard,Annabelle,,Pollard,annabelle.pollard@warst.biz,16110930663@gmail.com,99,544-435-2395,54-0004223,apollard
Mia Perkins,Mia,Camila,Perkins,mia.perkins@interdem.biz,25053034206@gmail.com,90,567-064-568,54-0004223,miap
Victoria Hebert,Victoria,Caroline,Hebert,victoria.hebert@hostesllc.com,21111135740@gmail.com,94,844-067-668,54-0004223,vhebert
Blake Flynn,Blake,,Flynn,blake.flynn@buapel.com,20111465514@gmail.com,95,928-976-0264,54-0004223,blakef
Owen Mckay,Owen,Carter,Mckay,owen.mckay@gualas.biz,00301244237@gmail.com,15,657-870-4616,54-0004223,owenm
Elijah Cooper,Elijah,,Cooper,elijah.cooper@quicker.biz,67090130732@gmail.com,48,703-070-2000,54-0004223,ecooper
Jeremiah Spears,Jeremiah,James,Spears,jeremiah.spears@quickerltd.biz,61091151859@gmail.com,54,187-739-143,54-0004223,jspears
Isabella Goff,Isabella,Hannah,Goff,isabella.goff@linger.com,47100327682@gmail.com,68,548-222-9724,04-0005149,igoff
Madeline Wall,Madeline,Eva,Wall,madeline.wall@gualasinc.com,44072492105@gmail.com,71,196-786-753,04-0005149,madelinew
Alex Mayo,Alex,Colton,Mayo,alex.mayo@warst.com,15081911053@gmail.com,100,135-381-393,04-0005149,amayo
Kayden Carroll,Kayden,,Carroll,kayden.carroll@quisuc.eu,17123162694@gmail.com,98,047-126-575,04-0005149,kcarroll
Melanie Dotson,Melanie,Skylar,Dotson,melanie.dotson@hostescompany.biz,64080936466@gmail.com,51,847-787-463,04-0005149,melanied
Kayden Pate,Kayden,Tristan,Pate,kayden.pate@gualas.biz,75041238491@gmail.com,41,278-534-292,04-0005149,kaydenp
Avery Garcia,Avery,Ella,Garcia,avery.garcia@datastore.com,25012233084@gmail.com,91,807-722-302,04-0005149,agarcia
Brianna Herman,Brianna,,Herman,brianna.herman@supermemoinc.eu,29112219726@gmail.com,86,974-134-9511,04-0005149,bherman
Elizabeth Ewing,Elizabeth,Charlotte,Ewing,elizabeth.ewing@interdeminc.eu,88091208589@gmail.com,27,053-237-420,04-0005149,eewing
Hailey Humphrey,Hailey,,Humphrey,hailey.humphrey@hostesllc.eu,90030264666@gmail.com,26,019-353-6975,04-0005149,hhumphrey
Luis Dickerson,Luis,,Dickerson,luis.dickerson@erntogra.eu,18102626055@gmail.com,97,427-965-079,04-0005149,ldickerson
David Solis,David,,Solis,david.solis@yrsaindustries.eu,37012671092@gmail.com,79,975-374-6729,04-0005149,dsolis
Dominic Bender,Dominic,,Bender,dominic.bender@datastore.biz,95041174032@gmail.com,21,026-075-843,04-0005149,dbender
Camila Nicholson,Camila,,Nicholson,camila.nicholson@porta.com,83032861924@gmail.com,33,785-477-469,04-0005149,cnicholson
Ryan Andrews,Ryan,,Andrews,ryan.andrews@furbaltd.biz,48120666515@gmail.com,67,892-562-9166,04-0005149,ryana
Naomi Fuller,Naomi,,Fuller,naomi.fuller@erntograltd.biz,80081474606@gmail.com,35,851-765-383,04-0005149,nfuller
Michael Harding,Michael,,Harding,michael.harding@quicklink.eu,43112997198@gmail.com,72,716-507-1265,04-0005149,mharding
Audrey Cruz,Audrey,Audrey,Cruz,audrey.cruz@quicker.com,19090661583@gmail.com,96,736-647-7220,04-0005149,acruz
Adrian Perez,Adrian,Easton,Perez,adrian.perez@buapel.biz,94031121333@gmail.com,22,963-024-6760,04-0005149,aperez
Adam Moss,Adam,Aiden,Moss,adam.moss@quicklink.com,29102385996@gmail.com,86,346-201-2049,04-0005149,adamm
Jeremiah Graham,Jeremiah,Bryson,Graham,jeremiah.graham@hostes.eu,59031303516@gmail.com,57,046-863-6489,84-0007803,jgraham
Jordan Potts,Jordan,,Potts,jordan.potts@beans.eu,62032419450@gmail.com,54,230-417-2975,84-0007803,jordanp
Zoe Brady,Zoe,Aubree,Brady,zoe.brady@yrsallc.com,70091831502@gmail.com,45,115-406-4368,84-0007803,zoeb
Bryson Moore,Bryson,Isaiah,Moore,bryson.moore@terson.com,77010858576@gmail.com,39,389-329-8117,84-0007803,bmoore
Charles Abbott,Charles,Nathan,Abbott,charles.abbott@felicsinc.eu,24120671319@gmail.com,91,412-062-835,84-0007803,cabbott
Lauren Burks,Lauren,Skylar,Burks,lauren.burks@beansindustries.eu,76030684107@gmail.com,40,052-005-979,84-0007803,lburks
Avery Mann,Avery,Sarah,Mann,avery.mann@quicklink.eu,47072948683@gmail.com,68,200-392-5351,84-0007803,averym
Chloe Guzman,Chloe,,Guzman,chloe.guzman@vitaecompany.com,96090419323@gmail.com,19,208-568-334,84-0007803,chloeg
Kimberly Berger,Kimberly,Kayla,Berger,kimberly.berger@alist.com,48121731227@gmail.com,67,719-959-506,84-0007803,kimberlyb
Thomas Andrews,Thomas,Carter,Andrews,thomas.andrews@gualas.com,85012489731@gmail.com,31,169-250-213,84-0007803,tandrews
Andrea Smith,Andrea,,Smith,andrea.smith@felics.biz,09261306445@gmail.com,6,905-682-5506,84-0007803,asmith
Nevaeh Johnston,Nevaeh,,Johnston,nevaeh.johnston@erntogra.eu,82100213368@gmail.com,33,342-515-3815,84-0007803,nevaehj
Kaylee Becker,Kaylee,,Becker,kaylee.becker@hostes.eu,81052736907@gmail.com,34,144-942-229,84-0007803,kayleeb
Aria Sheppard,Aria,,Sheppard,aria.sheppard@vitaeindustries.eu,70013104743@gmail.com,46,917-440-9615,84-0007803,arias
Elizabeth Ware,Elizabeth,,Ware,elizabeth.ware@porta.biz,58103156085@gmail.com,57,033-087-522,84-0007803,eware
Samantha Patterson,Samantha,Jocelyn,Patterson,samantha.patterson@warstllc.com,48112136242@gmail.com,67,230-514-4968,84-0007803,spatterson
Juan Hutchinson,Juan,Ryan,Hutchinson,juan.hutchinson@erntograinc.com,71121452238@gmail.com,44,630-514-3939,84-0007803,jhutchinson
Ashley Schmidt,Ashley,,Schmidt,ashley.schmidt@porta.eu,95062532921@gmail.com,20,684-784-8776,84-0007803,ashleys
Jayden Merritt,Jayden,,Merritt,jayden.merritt@felicsinc.eu,77100114498@gmail.com,38,166-400-4973,84-0007803,jmerritt
Sophie Franco,Sophie,Lydia,Franco,sophie.franco@tersoninc.biz,10280976928@gmail.com,5,480-096-319,84-0007803,sophief
Tyler Cantrell,Tyler,Jordan,Cantrell,tyler.cantrell@linger.biz,89090185215@gmail.com,26,356-811-747,23-0004396,tcantrell
Thomas Conner,Thomas,Austin,Conner,thomas.conner@alistassociates.com,02230527179@gmail.com,14,465-293-5900,23-0004396,thomasc
Aria Norris,Aria,,Norris,aria.norris@nonos.eu,82040114561@gmail.com,34,419-701-7250,23-0004396,arian
Jeremiah Fletcher,Jeremiah,,Fletcher,jeremiah.fletcher@nonos.biz,88012318214@gmail.com,28,287-658-4244,23-0004396,jfletcher
Zachary Bird,Zachary,Oliver,Bird,zachary.bird@furba.eu,41032155292@gmail.com,75,797-360-0285,23-0004396,zbird
Lucy Summers,Lucy,,Summers,lucy.summers@supermemo.eu,69061534444@gmail.com,46,531-277-9021,23-0004396,lsummers
Jayden Hicks,Jayden,Dylan,Hicks,jayden.hicks@datastore.biz,90061685298@gmail.com,25,331-527-4163,23-0004396,jhicks
Samantha Sweeney,Samantha,Faith,Sweeney,samantha.sweeney@furba.com,54062812923@gmail.com,61,515-326-940,23-0004396,ssweeney
Ian Whitley,Ian,Damian,Whitley,ian.whitley@hostescompany.biz,44051207191@gmail.com,71,973-975-3628,23-0004396,ianw
Henry Navarro,Henry,Nicholas,Navarro,henry.navarro@klein.com,42033108616@gmail.com,74,517-256-454,23-0004396,henryn
Jacob Ashley,Jacob,Ian,Ashley,jacob.ashley@yrsacompany.com,32112198791@gmail.com,83,307-705-747,23-0004396,jacoba
Mackenzie Brennan,Mackenzie,,Brennan,mackenzie.brennan@quicklinkinc.com,88100595381@gmail.com,27,592-977-4582,23-0004396,mbrennan
Noah Rowe,Noah,,Rowe,noah.rowe@erntogra.biz,65051458950@gmail.com,50,067-038-087,23-0004396,noahr
Logan Flowers,Logan,Jaxon,Flowers,logan.flowers@erntograinc.com,25122148270@gmail.com,90,528-048-108,23-0004396,lflowers
Daniel Olson,Daniel,,Olson,daniel.olson@flyhigh.biz,03250810896@gmail.com,12,842-465-914,23-0004396,danielo
Kayla Gomez,Kayla,Genesis,Gomez,kayla.gomez@porta.biz,97032477564@gmail.com,19,822-409-142,23-0004396,kgomez
Reagan Rivera,Reagan,Isabella,Rivera,reagan.rivera@datastoreinc.eu,12311818405@gmail.com,3,235-071-304,23-0004396,rrivera
Cameron Mccoy,Cameron,Alexander,Mccoy,cameron.mccoy@nonoscompany.biz,84061267332@gmail.com,31,722-778-173,23-0004396,cameronm
Peyton Prince,Peyton,Ariana,Prince,peyton.prince@flyhigh.biz,43112425848@gmail.com,72,940-662-5886,23-0004396,pprince
Madeline Trevino,Madeline,,Trevino,madeline.trevino@beansindustries.eu,10252938602@gmail.com,5,957-290-5280,23-0004396,mtrevino
Samantha Ellison,Samantha,Anna,Ellison,samantha.ellison@memortech.eu,22112168984@gmail.com,93,072-268-565,21-0001281,sellison
Kayla Craig,Kayla,,Craig,kayla.craig@alist.biz,90012040767@gmail.com,26,178-735-3873,21-0001281,kcraig
Molly Gill,Molly,,Gill,molly.gill@nonosconsulting.biz,69051954126@gmail.com,46,635-749-608,21-0001281,mollyg
Luis Floyd,Luis,,Floyd,luis.floyd@quicker.eu,89122475576@gmail.com,26,993-239-659,21-0001281,luisf
Hunter Rodgers,Hunter,,Rodgers,hunter.rodgers@beans.biz,83111044637@gmail.com,32,841-880-1560,21-0001281,hrodgers
Trinity Rowe,Trinity,,Rowe,trinity.rowe@portaltd.com,75032113927@gmail.com,41,004-682-963,21-0001281,trinityr
Savannah Clarke,Savannah,Kayla,Clarke,savannah.clarke@quicklinkcompany.com,11302038161@gmail.com,4,129-508-9966,21-0001281,savannahc
Gabriel Oneill,Gabriel,Justin,Oneill,gabriel.oneill@supermemoindustries.com,63091121359@gmail.com,52,793-330-419,21-0001281,goneill
Camila Glover,Camila,,Glover,camila.glover@woodsltd.eu,71072727625@gmail.com,44,379-286-836,21-0001281,camilag
Jeremiah Garza,Jeremiah,Aaron,Garza,jeremiah.garza@robutenia.biz,72042663552@gmail.com,44,913-260-038,21-0001281,jgarza
Makayla Dean,Makayla,,Dean,makayla.dean@beansinc.biz,61032158002@gmail.com,55,703-280-0861,21-0001281,mdean
Charlotte Stephenson,Charlotte,Ariana,Stephenson,charlotte.stephenson@buapel.biz,94010408662@gmail.com,22,519-638-1765,21-0001281,cstephenson
Zoe Robinson,Zoe,Mackenzie,Robinson,zoe.robinson@felics.com,68081150900@gmail.com,47,024-454-659,21-0001281,zrobinson
Aubree Larsen,Aubree,,Larsen,aubree.larsen@alistassociates.eu,71041713060@gmail.com,45,197-703-600,21-0001281,alarsen
Thomas Barr,Thomas,Kevin,Barr,thomas.barr@terson.eu,23041351115@gmail.com,93,963-611-845,21-0001281,tbarr
Aubrey Sandoval,Aubrey,Layla,Sandoval,aubrey.sandoval@alistindustries.eu,89103062241@gmail.com,26,381-088-8188,21-0001281,aubreys
Colton Estes,Colton,,Estes,colton.estes@hostes.com,15222277934@gmail.com,1,770-224-991,21-0001281,coltone
Aubrey Atkinson,Aubrey,Kimberly,Atkinson,aubrey.atkinson@robutenia.com,64012311709@gmail.com,52,141-289-867,21-0001281,aatkinson
Sebastian Whitney,Sebastian,,Whitney,sebastian.whitney@vitaeinc.eu,99070341234@gmail.com,16,600-670-2894,21-0001281,swhitney
Dominic Powell,Dominic,Damian,Powell,dominic.powell@adapt.eu,01260935259@gmail.com,14,945-270-8355,21-0001281,dpowell
Christian Torres,Christian,Kayden,Torres,christian.torres@felics.com,92042729216@gmail.com,24,448-464-433,01-0004757,christiant
Stella Wilson,Stella,,Wilson,stella.wilson@erntogracompany.biz,22102669606@gmail.com,93,710-450-4871,01-0004757,stellaw
Taylor Blair,Taylor,Khloe,Blair,taylor.blair@hostes.com,49042442324@gmail.com,67,539-673-644,01-0004757,taylorb
Amelia Ross,Amelia,,Ross,amelia.ross@yrsallc.eu,27072047360@gmail.com,88,287-582-405,01-0004757,ameliar
Charlotte Vazquez,Charlotte,,Vazquez,charlotte.vazquez@furbacompany.eu,97080215741@gmail.com,18,718-663-521,01-0004757,cvazquez
Serenity Graham,Serenity,Caroline,Graham,serenity.graham@woodsinc.com,60100903928@gmail.com,55,178-767-736,01-0004757,serenityg
Ellie Roy,Ellie,Arianna,Roy,ellie.roy@nonosindustries.eu,18101265820@gmail.com,97,255-041-582,01-0004757,ellier
Dominic Daniel,Dominic,Mason,Daniel,dominic.daniel@adapt.com,20051277158@gmail.com,95,556-402-0836,01-0004757,ddaniel
Jocelyn Munoz,Jocelyn,,Munoz,jocelyn.munoz@hostesconsulting.com,48033004426@gmail.com,68,446-191-6427,01-0004757,jocelynm
Isaac Davis,Isaac,,Davis,isaac.davis@beansassociates.com,31103077453@gmail.com,84,386-950-1476,01-0004757,idavis
Ariana Robertson,Ariana,,Robertson,ariana.robertson@morseminc.com,02311781465@gmail.com,13,934-566-7413,01-0004757,arianar
James Hines,James,Jack,Hines,james.hines@interdemllc.com,34101255650@gmail.com,81,497-611-447,01-0004757,jhines
Chase Mcbride,Chase,Ryder,Mcbride,chase.mcbride@robuteniaconsulting.biz,25090495453@gmail.com,90,936-254-5000,01-0004757,chasem
Alexander Becker,Alexander,,Becker,alexander.becker@warstllc.biz,28082283933@gmail.com,87,433-675-1067,01-0004757,alexanderb
Addison Gray,Addison,Ashley,Gray,addison.gray@felicsindustries.com,69080270062@gmail.com,46,069-800-728,01-0004757,addisong
Kaylee Coleman,Kaylee,,Coleman,kaylee.coleman@woodsltd.biz,71121321545@gmail.com,44,804-051-5722,01-0004757,kayleec
Gabriella Collier,Gabriella,,Collier,gabriella.collier@adapt.biz,55072727304@gmail.com,60,407-352-0984,01-0004757,gcollier
Lily Blackburn,Lily,,Blackburn,lily.blackburn@quicklink.eu,47110335127@gmail.com,68,969-561-0179,01-0004757,lilyb
Jeremiah Campbell,Jeremiah,Adrian,Campbell,jeremiah.campbell@robutenia.com,51041363717@gmail.com,65,814-545-1726,01-0004757,jcampbell
Gianna Potts,Gianna,Nevaeh,Potts,gianna.potts@quicklinkcompany.biz,59061178108@gmail.com,56,799-230-837,01-0004757,giannap
Kevin Griffin,Kevin,,Griffin,kevin.griffin@flyhighlimited.com,71110888538@gmail.com,44,659-184-7768,16-0009484,keving
Mia Holloway,Mia,Addison,Holloway,mia.holloway@morsem.biz,23040178788@gmail.com,93,599-508-4264,16-0009484,mholloway
Colton Haley,Colton,Gabriel,Haley,colton.haley@hostesindustries.com,29072039974@gmail.com,86,736-698-8370,16-0009484,chaley
Brandon Ellis,Brandon,,Ellis,brandon.ellis@terson.eu,87062442755@gmail.com,28,428-818-708,16-0009484,bellis
Evan Lee,Evan,Dylan,Lee,evan.lee@furba.com,83071861530@gmail.com,32,248-224-976,16-0009484,elee
Melanie Richards,Melanie,,Richards,melanie.richards@tersonllc.com,92013176687@gmail.com,24,648-595-963,16-0009484,mrichards
Joseph Velasquez,Joseph,John,Velasquez,joseph.velasquez@flyhigh.eu,15081480478@gmail.com,100,575-729-8896,16-0009484,jvelasquez
Emma Carney,Emma,,Carney,emma.carney@flyhigh.com,60122350782@gmail.com,55,875-906-271,16-0009484,ecarney
Charlotte Wheeler,Charlotte,Lauren,Wheeler,charlotte.wheeler@quicklink.com,29102285203@gmail.com,86,988-990-1127,16-0009484,charlottew
Madeline Butler,Madeline,,Butler,madeline.butler@woods.biz,50022698347@gmail.com,66,327-294-9732,16-0009484,mbutler
Leah Ortega,Leah,Melanie,Ortega,leah.ortega@porta.com,69100115562@gmail.com,46,116-140-7313,16-0009484,lortega
Damian Brady,Damian,,Brady,damian.brady@linger.com,99082970356@gmail.com,16,347-391-126,16-0009484,damianb
Reagan Wolfe,Reagan,Arianna,Wolfe,reagan.wolfe@furba.com,15091104928@gmail.com,100,625-673-6196,16-0009484,reaganw
Owen Medina,Owen,,Medina,owen.medina@felics.biz,76061956035@gmail.com,39,147-324-2107,16-0009484,omedina
Elijah Daugherty,Elijah,Ethan,Daugherty,elijah.daugherty@kleinconsulting.eu,59121730031@gmail.com,56,547-418-5810,16-0009484,edaugherty
Landon Cotton,Landon,Connor,Cotton,landon.cotton@warst.biz,52020468890@gmail.com,64,801-759-317,16-0009484,landonc
Blake Warren,Blake,Jose,Warren,blake.warren@beansassociates.com,21071780370@gmail.com,94,323-624-2148,16-0009484,blakew
Nevaeh Valencia,Nevaeh,Kylie,Valencia,nevaeh.valencia@woods.biz,47070927886@gmail.com,68,447-561-159,16-0009484,nvalencia
Stella Frost,Stella,Victoria,Frost,stella.frost@datastore.biz,09292512525@gmail.com,6,753-779-9435,16-0009484,stellaf
Julian Head,Julian,Benjamin,Head,julian.head@adapt.biz,73071566238@gmail.com,42,462-620-6060,16-0009484,jhead
Ryan Mccray,Ryan,Oliver,Mccray,ryan.mccray@alistassociates.biz,54123032754@gmail.com,61,743-646-378,23-0005173,rmccray
Wyatt Pruitt,Wyatt,Benjamin,Pruitt,wyatt.pruitt@woods.com,22041325854@gmail.com,94,680-047-158,23-0005173,wpruitt
Julia Barry,Julia,Madison,Barry,julia.barry@lingerlimited.com,49101441262@gmail.com,66,257-666-7669,23-0005173,juliab
Jose Elliott,Jose,,Elliott,jose.elliott@woods.com,76011619832@gmail.com,40,971-102-0278,23-0005173,josee
Chloe Roberts,Chloe,,Roberts,chloe.roberts@buapel.eu,98100670027@gmail.com,17,427-055-682,23-0005173,croberts
Caroline Oliver,Caroline,,Oliver,caroline.oliver@supermemo.com,79021910621@gmail.com,37,467-147-2227,23-0005173,coliver
Khloe Robles,Khloe,,Robles,khloe.robles@morsemcompany.com,35011176983@gmail.com,81,345-319-819,23-0005173,krobles
Hannah Patrick,Hannah,Claire,Patrick,hannah.patrick@porta.com,82052783869@gmail.com,33,057-341-447,23-0005173,hannahp
Levi Morrow,Levi,Owen,Morrow,levi.morrow@warstlimited.com,33082950293@gmail.com,82,577-448-6949,23-0005173,levim
John Mcgee,John,,Mcgee,john.mcgee@klein.com,20091797818@gmail.com,95,892-018-3341,23-0005173,jmcgee
Claire Donaldson,Claire,,Donaldson,claire.donaldson@flyhighllc.eu,01262729483@gmail.com,14,396-265-733,23-0005173,claired
Savannah Jefferson,Savannah,Scarlett,Jefferson,savannah.jefferson@linger.biz,68062708384@gmail.com,47,275-252-1718,23-0005173,savannahj
Bentley Langley,Bentley,Blake,Langley,bentley.langley@flyhighconsulting.com,41071057919@gmail.com,74,762-237-9697,23-0005173,blangley
Sarah Ayala,Sarah,,Ayala,sarah.ayala@flyhigh.eu,40111880849@gmail.com,75,361-608-3798,23-0005173,sayala
Bella Cooke,Bella,,Cooke,bella.cooke@vitae.biz,66100585669@gmail.com,49,011-317-8763,23-0005173,bellac
Aaliyah Gross,Aaliyah,Aubree,Gross,aaliyah.gross@terson.eu,34042611928@gmail.com,82,199-383-080,23-0005173,agross
Ariana Glass,Ariana,Isabella,Glass,ariana.glass@quisucconsulting.eu,36052531687@gmail.com,79,920-216-4397,23-0005173,arianag
Annabelle Dawson,Annabelle,,Dawson,annabelle.dawson@flyhigh.eu,93042519841@gmail.com,23,963-465-8122,23-0005173,annabelled
Dominic Oneil,Dominic,Eli,Oneil,dominic.oneil@morsem.eu,71021009352@gmail.com,45,479-486-5516,23-0005173,doneil
Carson Norman,Carson,,Norman,carson.norman@buapel.biz,57052548897@gmail.com,58,651-856-696,23-0005173,cnorman
Kennedy Tucker,Kennedy,,Tucker,kennedy.tucker@portallc.com,73103177443@gmail.com,42,307-787-968,13-0003434,kennedyt
Juan Burton,Juan,,Burton,juan.burton@furba.com,49082457692@gmail.com,66,719-879-6166,13-0003434,juanb
Lydia Robinson,Lydia,Serenity,Robinson,lydia.robinson@gualas.com,22011792222@gmail.com,94,078-011-281,13-0003434,lydiar
Adam Vang,Adam,Jason,Vang,adam.vang@beanscompany.com,16031256558@gmail.com,100,683-048-635,13-0003434,avang
Zoey Booker,Zoey,,Booker,zoey.booker@datastoreltd.biz,19051039608@gmail.com,96,849-832-1173,13-0003434,zbooker
Parker Stevenson,Parker,,Stevenson,parker.stevenson@beans.com,65112784831@gmail.com,50,592-014-879,13-0003434,parkers
Isabella Michael,Isabella,Serenity,Michael,isabella.michael@quisucassociates.com,07290598448@gmail.com,8,931-674-2998,13-0003434,isabellam
Blake Sexton,Blake,,Sexton,blake.sexton@gualasindustries.eu,02270444858@gmail.com,13,226-845-5204,13-0003434,blakes
Kayden Phillips,Kayden,,Phillips,kayden.phillips@beans.com,85121317859@gmail.com,30,892-715-529,13-0003434,kaydenp
Gabriella Reyes,Gabriella,Elizabeth,Reyes,gabriella.reyes@klein.com,58011846463@gmail.com,58,849-452-8933,13-0003434,gabriellar
Natalie Daniel,Natalie,,Daniel,natalie.daniel@supermemoconsulting.com,08281212268@gmail.com,7,467-332-4488,13-0003434,natalied
Parker Hoover,Parker,Andrew,Hoover,parker.hoover@beans.eu,46020301392@gmail.com,70,219-053-951,13-0003434,phoover
Lydia Pitts,Lydia,,Pitts,lydia.pitts@woods.eu,42022192808@gmail.com,74,602-878-410,13-0003434,lydiap
Josiah Haynes,Josiah,,Haynes,josiah.haynes@furba.com,67122878131@gmail.com,48,821-860-9443,13-0003434,josiahh
Zachary Nelson,Zachary,Carlos,Nelson,zachary.nelson@erntograinc.com,45122653899@gmail.com,70,418-204-0608,13-0003434,znelson
Josiah Kelley,Josiah,,Kelley,josiah.kelley@flyhighltd.biz,70082771017@gmail.com,45,935-894-579,13-0003434,josiahk
Emily Roberson,Emily,,Roberson,emily.roberson@lingercompany.com,47091465981@gmail.com,68,481-940-8030,13-0003434,eroberson
Benjamin Clarke,Benjamin,,Clarke,benjamin.clarke@gualas.eu,86061941456@gmail.com,29,712-430-7977,13-0003434,benjaminc
James Bradshaw,James,John,Bradshaw,james.bradshaw@woods.eu,51080461311@gmail.com,64,279-829-963,13-0003434,jamesb
Victoria Blankenship,Victoria,Melanie,Blankenship,victoria.blankenship@erntogra.eu,07301649062@gmail.com,8,426-198-165,13-0003434,vblankenship
Sofia Mcpherson,Sofia,,Mcpherson,sofia.mcpherson@buapelconsulting.eu,54102969981@gmail.com,61,434-669-845,10-0001653,smcpherson
Hailey Henderson,Hailey,Alexa,Henderson,hailey.henderson@erntogra.eu,68091395148@gmail.com,47,892-178-6957,10-0001653,hhenderson
Daniel Williams,Daniel,,Williams,daniel.williams@porta.eu,89031492738@gmail.com,27,047-994-371,10-0001653,dwilliams
Victoria Malone,Victoria,,Malone,victoria.malone@interdemllc.com,20100412547@gmail.com,95,361-945-167,10-0001653,victoriam
Arianna Andrews,Arianna,,Andrews,arianna.andrews@hostes.biz,51062854988@gmail.com,64,667-649-629,10-0001653,aandrews
Brianna Perez,Brianna,Allison,Perez,brianna.perez@robutenia.biz,54110935622@gmail.com,61,856-240-1737,10-0001653,bperez
Wyatt Ramos,Wyatt,Austin,Ramos,wyatt.ramos@woods.biz,71033194619@gmail.com,45,628-545-012,10-0001653,wramos
Brianna Ashley,Brianna,Ashley,Ashley,brianna.ashley@erntogra.eu,18051184448@gmail.com,97,674-531-0906,10-0001653,briannaa
Allison Berg,Allison,London,Berg,allison.berg@lingerllc.com,07230306920@gmail.com,9,096-232-056,10-0001653,aberg
Scarlett Campbell,Scarlett,Audrey,Campbell,scarlett.campbell@quickerconsulting.com,36112177662@gmail.com,79,302-003-026,10-0001653,scarlettc
Grayson Macias,Grayson,Hudson,Macias,grayson.macias@kleinllc.com,16100620675@gmail.com,99,358-571-471,10-0001653,graysonm
Nathaniel Zamora,Nathaniel,,Zamora,nathaniel.zamora@memortechlimited.eu,87043050854@gmail.com,29,807-678-642,10-0001653,nathanielz
Kimberly Randall,Kimberly,Peyton,Randall,kimberly.randall@felicsconsulting.com,50082623521@gmail.com,65,292-044-7916,10-0001653,krandall
Christian Frye,Christian,,Frye,christian.frye@yrsaindustries.com,31121334910@gmail.com,84,234-548-5419,10-0001653,cfrye
Arianna Roman,Arianna,,Roman,arianna.roman@alist.biz,68100426706@gmail.com,47,542-607-261,10-0001653,aroman
Christopher Haynes,Christopher,Chase,Haynes,christopher.haynes@quisuccompany.eu,08222062279@gmail.com,8,408-910-4283,10-0001653,christopherh
Melanie Singleton,Melanie,Layla,Singleton,melanie.singleton@supermemollc.com,94040119880@gmail.com,22,222-568-124,10-0001653,msingleton
Alexander Downs,Alexander,,Downs,alexander.downs@nonos.eu,24070726875@gmail.com,91,972-538-5148,10-0001653,adowns
Alexa Lester,Alexa,Hailey,Lester,alexa.lester@morsem.eu,69022450840@gmail.com,47,770-883-9014,10-0001653,alexal
Kimberly Prince,Kimberly,Abigail,Prince,kimberly.prince@memortech.eu,66022380841@gmail.com,50,667-009-8443,10-0001653,kimberlyp
Grace Mccullough,Grace,Maya,Mccullough,grace.mccullough@yrsa.com,17102752081@gmail.com,98,282-784-4482,04-0008499,gracem
Ashley Wolf,Ashley,,Wolf,ashley.wolf@beans.eu,33062376987@gmail.com,82,733-607-809,04-0008499,awolf
Grayson Freeman,Grayson,Jose,Freeman,grayson.freeman@quicker.com,21022686434@gmail.com,95,478-313-347,04-0008499,graysonf
Anthony Anthony,Anthony,,Anthony,anthony.anthony@furbaindustries.biz,23030779971@gmail.com,93,909-167-187,04-0008499,aanthony
Ian Daugherty,Ian,,Daugherty,ian.daugherty@yrsaltd.com,93070672950@gmail.com,22,296-918-0230,04-0008499,iand
Sarah Cantu,Sarah,,Cantu,sarah.cantu@erntogra.eu,37062054801@gmail.com,78,217-899-8025,04-0008499,scantu
Kaylee Wyatt,Kaylee,,Wyatt,kaylee.wyatt@porta.com,54112624229@gmail.com,61,969-801-592,04-0008499,kayleew
Eli Cochran,Eli,Ayden,Cochran,eli.cochran@yrsalimited.biz,57100132050@gmail.com,58,188-498-3184,04-0008499,ecochran
Luis Miranda,Luis,Kevin,Miranda,luis.miranda@adaptllc.eu,15091370554@gmail.com,100,213-783-769,04-0008499,lmiranda
Joseph Paul,Joseph,Juan,Paul,joseph.paul@nonoscompany.biz,53111963553@gmail.com,62,966-304-670,04-0008499,jpaul
Jack Kim,Jack,,Kim,jack.kim@beans.com,53051738358@gmail.com,62,199-803-762,04-0008499,jkim
Naomi Leblanc,Naomi,Aaliyah,Leblanc,naomi.leblanc@quicker.eu,57111754647@gmail.com,58,919-581-3890,04-0008499,nleblanc
Alex Wong,Alex,,Wong,alex.wong@woodsindustries.com,21063074331@gmail.com,94,615-057-0795,04-0008499,alexw