26-0008646,Porta Company,http://www.portacompany.com,office@portacompany.com,portacompany.com,26-0008646
27-0005609,Quicker Ltd,http://www.quickerltd.eu,info@quickerltd.eu,quickerltd.eu,27-0005609
84-0000304,Hostes Company,http://www.hostescompany.biz,info@hostescompany.biz,hostescompany.biz,84-0000304
76-0005282,Gualas,http://www.gualas.com,info@gualas.com,gualas.com,76-0005282
54-0004223,Datastore LLC,http://www.datastorellc.eu,info@datastorellc.eu,datastorellc.eu,54-0004223
04-0005149,Interdem,http://www.interdem.com,office@interdem.com,interdem.com,04-0005149
84-0007803,Porta Associates,http://www.portaassociates.biz,contact@portaassociates.biz,portaassociates.biz,84-0007803
23-0004396,Alist,http://www.alist.biz,office@alist.biz,alist.biz,23-0004396
21-0001281,Hostes Inc.,http://www.hostesinc.eu,info@hostesinc.eu,hostesinc.eu,21-0001281
01-0004757,Nonos LLC,http://www.nonosllc.biz,company@nonosllc.biz,nonosllc.biz,01-0004757
16-0009484,SuperMemo Company,http://www.supermemocompany.eu,contact@supermemocompany.eu,supermemocompany.eu,16-0009484
23-0005173,Porta,http://www.porta.biz,company@porta.biz,porta.biz,23-0005173
13-0003434,Hostes,http://www.hostes.biz,info@hostes.biz,hostes.biz,13-0003434
10-0001653,Nonos Company,http://www.nonoscompany.biz,info@nonoscompany.biz,nonoscompany.biz,10-0001653
04-0008499,Yrsa,http://www.yrsa.biz,office@yrsa.biz,yrsa.biz,04-0008499
61-0008529,Buapel,http://www.buapel.com,company@buapel.com,buapel.com,61-0008529
20-0005530,Quisuc,http://www.quisuc.eu,contact@quisuc.eu,quisuc.eu,20-0005530
26-0006162,Buapel Limited,http://www.buapellimited.com,contact@buapellimited.com,buapellimited.com,26-0006162
74-0002552,Buapel,http://www.buapel.com,company@buapel.com,buapel.com,74-0002552
45-0007876,Yrsa Inc.,http://www.yrsainc.com,company@yrsainc.com,yrsainc.com,45-0007876
74-0002552,Jack,http://www.jack.com,company@jack.com,IT,74-0002552
13-0003434,James,http://www.james.com,company@james.com,james.com,13-0003434
04-0008499,Joseph,http://www.Joseph.com,company@Joseph.com,Joseph.com,04-0008499
27-0005610,Quickr Ltd,http://www.quickrltd.com,info@quickerltd.inc,quickrltd.com,27-0005610
20-0005531,Quisec,http://www.quisec.com,contact,quisec.eu,20-0005531
04-0008499,Jane,http://www.Joseph.com,company@Joseph.com,Joseph.com,040008499234
04-0008499,Joseph,http://www.Joseph.com,company@Joseph.com,Joseph.com,040008499
13-0003434,James,http://www.james.com,company@james.com,james.com,130003434
74-0002552,Jack,http://www.jack.com,company@jack.org,IT,740002552
27-0005610,Quickr Ltd,http://www.quickrltd.com,info@quickerltd.inc,quickrltd.com,27-0005610
20-0005531,Quisec,http://www.quisec.com,contact,quisec.eu,20-0005531
